"bounding up tree trunk in series of short quick flights|-33.65|151.13|10000",6037268
"Calumet 26m. N.E. of Binnaway|-31.292|149.07|10000",6055233
"Coomeroo near Thirlmere|-34.2779|150.5796|10000",6034273
"Garrawilla, Mulalley Garrawilla (parish), Mulalley incorrect spelling= Mullaley|-31.08|149.92|100000",5012499
"Lorien, 3km N of Lansdowne|-31.753487|152.537747|10000",1094240
"Lorien, 8km N of Lansdowne, nr Taree|-31.753487|152.537747|10000",1094240
"Woolondoon, Rowena, NSW|-18.709|143.7|10000",1128377
"(Bottle E.) Penrith|-33.7513|150.6943|10000",6059146
"(topside) Moores' Riv. (underside) Mogamber|-31.0355|116.0417|1000",1143515
"(topside) Tammin (underside) Cunderin WA 10 mile heading E|-31.6514|117.3417|10000",1143518
"?km from top end ofTucker Box Rd, Beaury SF|-28.4814|152.4003|100",5006728
"0.25km S of jnct Tubrabucca & Omadale Brook Rds|-31.9153|151.4|100",5006085
"0.7KM E OF WIRRINYA->CARAGABAL RD INTERSECTION. LINE HEADS E|-33.66811|147.81508|",1097488
"0.9KM E OF WIRRINYA->CARAGABAL RD INTERSECTION. LINE HEADS E|-33.66811|147.81508|",1097219
"0.9km S along Chaelundi rd from Big Bull Rd Mt Hyland Nat Res|-30.1539|152.4661|100",5006285
"0-100m|-21.15|-175.23|10000",1144946
"1 m. S. Crystal Springs, Nornalup National Park, WA, M.V. Lamp|-34.983828|116.606658|10000",1108472
"1 mi. N. Quang Tri, Vietnam|16.76|107.1921|10000",1147680
"1.2KM FROM EASTERN RD WHICH IS 350M S OF CAMP RD.  LINE GOES S STARTING 20M FROM RD|-33.77156|147.79984|",1097272
"1.2KM FROM EASTERN RD WHICH IS 350M S OF CAMP RD.  LINE GOES S STARTING 220M FROM RD|-33.77156|147.79984|",1097274
"1.8km N of ford on Karuah River on Karuah River Rd Chichester SF|-32.0994|151.7217|100",6034377
"1.8km N of ford on Karuah River on Karuah River Rd. Chchester SF|-32.0994|151.7217|100",6034377
"10 km N.W. of Tuglo|-32.2754|151.2919|1000",6054278
"10 S Margaret River WA|-18.77|126.86|100000",1087845
"10km S. Ayr|-19.624|147.481|10000",1133353
"10m NSW Coolabah|-30.911|146.614|10000",1129520
"10mi. N MtMagnet|-28.918|117.844|10000",6052640
"12-17 mi. E. Alice Springs|-23.702|134.109|10000",6034218
"12-26 mi. N. Hopetoun|-35.47|142.37|100000",6038781
"12km S Kempsey, Maria NP|-31.1917|152.8472|10000",1129669
"15mi. E Yalgoo|-28.333|116.929|10000",6040310
"16 miles W.of Alice Springs|-23.771|133.624|10000",6054459
"16km W of Paluma, Qld|-18.9926|146.0613|10000",1092455
"175km N of Dingo, Qld|-22.3439|148.6402|10000",1091764
"18km S Ravenshoe|-17.738|145.501|10000",1133346
"18km S.Ravenshoe|-17.738|145.501|10000",1133334
"19 kms W. Euabalong|-33.062533|146.2756|100",1087344
"195km N of Dingo, Qld|-21.881876|149.31665|10000",1093611
"1A/1/0|-31.55|152.63|10000",1113686
"2 mi. NW Margaret River.|-33.9383|115.0612|10000",6064493
"2.1KM E OF WIRRINYA->CARAGABAL RD INTERSECTION. LINE HEADS E|-33.65932|147.82972|",1097277
"2.3KM E OF WIRRINYA->CARAGABAL RD INTERSECTION. LINE HEADS E|-33.65932|147.82972|",1097152
"2.3km N of Karuah River on Karuah River Rd, Chichester SF|-32.0975|151.7217|100",5006492
"2.65 KM TOWARDS CONDO FROM GUNINGBLAND/PARKES/CONDO INTERSECTION|-33.11557|147.91817|",1097186
"20/2/R|-31.5997|151.8297|1000",1129521
"20/5/R|-31.5997|151.8297|1000",1114296
"200 M W FROM EASTERN RD WHICH IS 350M S OF CAMP RD. LINE GOES S STARTING 20M FROM RD|-33.77207|147.81096|",1097205
"200 M W FROM EASTERN RD WHICH IS 350M S OF CAMP RD. LINE GOES S STARTING 220M FROM RD|-33.77207|147.81096|",1097184
"200m E of a point 550m along Burns Rd, Kangaroo SF|-30.0767|152.8678|100",5006219
"22km E of Duaringa, Qld|-23.7171|149.8659|10000",1093542
"25km E Dorrigo Coramba Rd at Coopernook For. Rd|-30.2917|152.8232|1000",1138768
"2A/2|-31.55|152.63|10000",1114230
"2km N Bilpin nr. Kurrajong|-33.4872|150.5384|1000",1130870
"2km W Rocky Glen|-31.129|149.55|10000",6063818
"2km W Williamstown|-34.6713|138.8679|10000",6032487
"2mi W. Paluma, N.Qld|-19.014|146.18|10000",6045793
"2mi. W. Paluma, N.Qld|-19.014|146.18|10000",6045793
"3 km North Lansdowne|-31.753487|152.537747|10000",6058682
"3.8km W along Stockyard Fire Trail from Chandler Ck, Chaelundi SF|-29.9639|152.5231|100",6038874
"300m NW of Gilgurry Mt, Boorook SF|-28.7897|152.1822|100",5006568
"35km SE Hungerford|-29.099|144.747|10000",1113462
"37km S Grafton|-29.3|152.9818|10000",1134088
"3Km. N. Lansdowne via Taree|-31.7533|152.5378|10000",1138409
"4 mi. E Wilcannia|-31.561|143.445|10000",6047626
"4.8KM S OF RD FROM PULLABOOKA RUNING S TO CARAGABAL. TURN N UP PROPERTY, WALK THRU FENCE TO STH REMNANT. GO N FROM SHEEP TRACK 200M W OF SE CORNER|-33.79161|147.73502|",1097289
"4.8KM S OF RD FROM PULLABOOKA RUNING S TO CARAGABAL. TURN N UP PROPERTY, WALK THRU FENCE TO STH REMNANT. GO N FROM WATER TANK 100M W OF SE CORNER|-33.79105|147.73805|",1097178
"4.8KM S OF RD FROM PULLABOOKA RUNING S TO CARAGABAL. TURN N UP PROPERTY, WALK THRU FENCE TO STH REMNANT. GO S FROM CARTWHEELS 150M W OF NE CORNER|-33.79161|147.73502|",1097172
"4.8KM S OF RD FROM PULLABOOKA RUNING S TO CARAGABAL. TURN N UP PROPERTY, WALK THRU FENCE TO STH REMNANT. GO S FROM NE CORNER|-33.79105|147.73805|",1097142
"40 Mile Scrub, 65km SW Mt Garnet|-18.126|144.818|10000",1133329
"40km N. Yuna|-27.864|115.023|100000",6032400
"40km W. of Caiguna WA. 125ยก 05' E 32ยก 20' S|-32.3227|125.0636|10000",6056937
"4B/1|-31.55|152.63|10000",1114230
"4km N Bilpin, nr Kurrajong|-33.4739|150.5708|1000",1133446
"4km S Tinda Creek, Putty rd|-33.195415|150.687217|10000",6063008
"4mi. E. Wilcannia|-31.561|143.445|10000",6047626
"5 mi. S. Mendooran|-31.882471|149.074654|10000",1147610
"52km E Musgrave|-14.549|143.849|10000",1133356
"5A/1|-31.55|152.63|10000",1114230
"5km E Bilpin nr. Kurrajong|-33.5126|150.5711|1000",6041574
"5km E Bilpin, nr Kurrajong|-33.4768|150.5616|1000",1133427
"5km N. of Harrington|-31.8277|152.6831|10000",1146070
"5km S of Yarrawa|-32.4334|150.5609|10000",1143528
"5mi. W. Paluma, N.Qld|-19.0157|146.1271|10000",1147795
"60km N Marlborough|-22.476|149.499|10000",1093394
"65km N. Marlborough|-22.437|149.474|10000",1129525
"6km N Bilpin nr. Kurrajong. (see Notes)|-33.4739|150.5708|1000",6052857
"6km N.E. Bilpin, Blue Mtns|-33.4739|150.5708|1000",1133178
"6km NE Bilpin|-33.4739|150.5708|1000",1130877
"6km NE Bilpin nr. Kurrajong|-33.4739|150.5708|1000",6052858
"6km NE bilpin, Blue Mtns|-33.4739|150.5708|1000",1133243
"6km NE Bilpin, nr. Kurajong|-33.4739|150.5708|1000",6035116
"6km NE Bilpin, nr. Kurrajong|-33.4739|150.5708|1000",1130871
"6km W Kyogle|-28.6206|152.9504|10000",1134076
"6mi. W Mullewa|-28.591|115.433|10000",6034680
"7 km S Dubbo|-32.3252|148.5928|10000",6047579
"7km N. Bilpin|-33.4705|150.5799|1000",1133188
"7km N. Bilpin (see notes)|-33.4705|150.5799|1000",6059028
"7km NE Bilpin, nr. Kurrajong|-33.4705|150.5799|1000",1130869
"7km NE Mt. Tomah (see notes)|-33.4705|150.5799|1000",1130869
"7mi. W. Claudie Riv|-12.84|143.25|100000",1132456
"80 Gondola Rd., Narrabeen|-33.705218|151.288834|1000",1146079
"80km S of Larrimah|-16.2026|133.4253|10000",6056553
"8km NE Cudal|-33.244|148.817|10000",6057793
"8km S of Clermont|-22.8914|147.6605|10000",6044176
"9 mls Sth Marchagee along Geraldton Rd|-30.181|116.0426|10000",1144279
"90 mls water tank, E Lake King|-32.682|120.693|10000",6067008
"9B/1|-31.55|152.63|10000",1114230
"9km S of Sandy Hollow|-32.3782|150.5294|10000",1143530
"A single example was taken from the stomach of a trout during the investigation by Mr. K. C. McKeown, of the Australian Museum|-33.72|149.97|10000",1145341
"about 600m down small Tk off Dorrigo Bellingen Hwy, <1km W of Summervilles Rd, Bellingen River SF|-30.4175|152.7583|100",5006303
"Acacia Plateau & Wilson's Peak Area - Koreelah SF|-28.27|152.45|10000",5025780
"Adelaide|-34.92869|138.60102|100000",6016511
"Adelaide (from old register)|-34.92869|138.60102|100000",6016511
"Adelaide R.|-13.24|131.105|10000",1110729
"Agnes Water 40km E Miriam Vale|-24.217|151.9|10000",1133236
"Alice Springs C. Australia|-23.699|133.881|10000",1127800
"Almaden,  Chillagoe Dist., N.Q.|-17.33859|144.67441|10000",5011415
"Almaden, Chillagoe Dist., NQ|-17.33859|144.67441|10000",1087137
"Ankertell|-28.024|118.849|10000",1140212
"approx. 3 km N. Lansdowne via Taree|-31.756|152.534|10000",1096813
"Arthur River, 6 ml. E. Darkan (see notes)|-33.3564|116.8403|1000",1130824
"Avoca Beach|-33.4652|151.4346|10000",1092870
"B. Tops|-32.0012|151.4662|10000",6062535
"Bald Hills Stn, 30km N of Cooktown|-15.3|145.0333|10000",1090765
"Bar. Tops S.F.|-31.98|151.45|100000",1107627
"Barora, Toolona Ave|-28.217147|153.5431|10000",1110558
"Barranjoey, Broken Bay|-33.582|151.326|10000",6067098
"Barrington R. 5000'|-32.041|151.41|10000",6047240
"Barrington Tops N.P., Williams R.|-32.125|151.494|10000",1138487
"Barry's Island|-33.8318|151.1846|10000",6065421
"BEGA04 Chalkhill's Ck|-36.9042|149.7913|1000",1123674
"BEGA23 paddy's Ck (Tuross R)|-36.3334|149.8076|1000",1123794
"BEGA23 Paddys Creek|-36.3331|149.8075|100",1127928
"BEGAm25 Murrah River: Knights Ck|-36.5446|149.9805|1000",1120235
"Belair Mt. Lofty Rges|-34.997|138.621|10000",1114457
"Belgian Congo, Katanga,|-11.1411|27.1047|100000",1142699
"Bellenden Ker N.P. Kearneys Falls|-17.237|145.782|1000",1138595
"Bellingen R. (on label) Clarence River (in register)|-30.47|152.42|10000",6063802
"BELLm1 Bellinger R nr Thora (Homeland's comm.)|-30.4329|152.722|1000",1120358
"Belubula|-33.6318|148.8485|10000",1085487
"Belubula R @ Millambri|-33.5738|148.8288|1000",1124688
"Bendalong|-35.2271|150.4901|10000",6061887
"Bendalong, near Milton|-35.2471|150.5298|10000",6066855
"Berkshire Pk., Sydney|-33.682|150.785|10000",6049914
"Between Carnarvon district and N.W. Cape N.W.A.|-23.44|113.88|100000",1090803
"Big Bull Ck, 2.7km NE alon Foamy Ck Rd from Chaelundi Rd, Marengo SF|-30.125|152.4308|100",5005904
"Billabong|-26.8168|114.6117|10000",1144295
"Bimbi - topside of specimen label; Weddin S.F. - underside of specimen label|-34.0152|148.0179|10000",1148142
"Black Island|-29.4235|153.3012|10000",1101619
"Blackdown Tableland Expedition Range C Qld|-23.833|149.05|10000",1094004
"Blackdown T'land|-23.833|149.05|10000",1129735
"Blackdown T'lands|-23.833|149.05|10000",1129735
"Blackmore R. nr. Tumbling Waters|-12.77|130.95|10000",6051599
"Blackmore R. nr. Tumbling Waters, N.T.|-12.77|130.95|10000",6051599
"Blaney, Errobank Primary Sch., Errowbang Rd|-33.562142|149.0711|10000",1110601
"Blue Mtns N.P.|-33.6152|150.4179|100000",6052318
"Blue Mtns N.P., Blackheath, seeps below Govett's Lookout|-33.6279|150.3123|1000",6026647
"Blue Mtns N.P., Grand Canyon|-33.665|150.318|10000",6066956
"Blue Mtns N.P., Mt Wilson, ex Waterfall Creek|-33.515|150.401|10000",1138495
"Blue Mtns N.P., Mt Wilson, Waterfall Creek|-33.515|150.401|10000",1138498
"Blue Mtns NP, Blackheath, Govetts Leap, seeps below lookout|-33.6279|150.3123|1000",6026647
"Blue Mtns NP, Blackheath,Govetts Leap, seeps along track|-33.632|150.318|10000",1138617
"Blue Mtns NP, Blackheath,seeps below Govetts Leap Lookout|-33.6279|150.3123|1000",6026647
"Blue Mtns NP; Blackheath, Govetts Leap, seeps along track|-33.632|150.318|10000",1138617
"Blue Mtns NP; Valley of the Waters below Vera Falls|-33.7258|150.3603|1000",1138121
"Blue Mtns. near Blackheath Govett's Leap tr. top of Horseshoe Falls|-33.6236|150.3125|10000",1087375
"Blue Mts|-33.665|150.285|100000",6037079
"Blue Mts, NSW; Wentworth Falls on underside of label.|-33.7152|150.3679|10000",1130684
"Blundells, F.C.T.|-35.32|148.83|10",1145379
"Bobbin Fire Trail, 100m from Padmans Rd, Bulga SF|-31.6231|152.1678|100",5005950
"Bogan R.|-31.908|147.187|100000",1084335
"Bogan R., Nyngan|-31.5581|147.185|10000",6035233
"Bogan Riv.|-31.908|147.187|100000",6003154
"Bogan River|-31.908|147.187|100000",1084335
"Bogan River, Callubri|-31.9642|147.2458|100",1084275
"Bogong Plains, Vic.|-36.76492|146.7883|10000",1087317
"Bogougo C. on label. In register as Bogongo|-26|146|100000",6050584
"Bolaro, N.S.W.|-33.92|148.84|10000",1087853
"Bonin Is. Haha jima, Okimura|26.639|142.16|10000",1143382
"Boona SF (S) survey grid 6, Coleambally Irrigation Area|-34.755171|145.966214|100",1114930
"Boona State Forest|-34.742815|145.996092|100",5034271
"Boorook Ck x-ing Colonga Rd, Boorook SF|-28.8647|152.1961|100",5005799
"Booti|-32.317|152.522|10000",6026490
"Bot. Gardens|-33.709|150.335|10000",1130637
"Bottlebrush WL, Mt Annan|-34.0644|150.7794|1000",1131680
"Bottom end of Cliffs Trail; about 1.3km from Oxler Rd, Styx River SF|-30.565|152.3472|100",5006236
"Bottom end of Cliffs Trail; about 1.3km from OxleyRd, Styx River SF|-30.565|152.3472|100",5006236
"Bourke and Wilcannia, NSW. Darling R. flood|-30.9|144.63|100000",6067676
"Bourke and Wilcannia; Darling River (1890) Floods|-30.9|144.63|100000",6067676
"Bowen (top) Merinda (underside)|-20.01649|148.16469|",1144143
"Box Ck., 16 km N. Proserpine|-20.2917|148.5175|10000",6063006
"Box Ck., 16km N. Proserpine|-20.2917|148.5175|10000",1147760
"Braidwood|-35.4485|149.8012|10000",6062439
"Braidwood (top of label),  Jinden (underside)|-35.8888|149.5904|10000",6062440
"Bramble Cay, Torres Strait. Blown across by N.W. wind|-9.133|143.883|10000",1138698
"bred from pupa taken from soil at butt of gum tree Lakemba|-33.8652|151.21|100000",1134385
"Brett's State Forest|-34.749069|145.905592|100",5034175
"Bris. Q.|-27.46784|153.02801|100000",1144763
"Brisbane Rg's|-37.824|144.274|100000",1135387
"Brit. E. Africa, Liongalani|2.7444|36.7147|10000",1142921
"British East Africa, Kioyale|0.5525|42.7417|100000",1142685
"British East Africa, Magadi Rly|-1.9|36.2833|10000",1142714
"British East Africa, Mgardi|-1.9|36.2833|10000",1142717
"Brooklana, E. Dorrigo|-30.2652|152.8512|10000",6067834
"Brooklana, East Dorrigo|-30.2652|152.8512|10000",6067834
"Broulee|-35.8485|150.16789|10000",1092871
"Bruni I. Tas.|-43.28|147.28|10000",1147225
"Brushgrove, near Maclean|-29.5652|153.08459|10000",6041926
"Bubia near Lae|-6.6687|146.9167|10000",1126676
"Bubia, Morobe District|-6.6687|146.9167|10000",1147599
"Bulls ground SF|-31.55|152.63|10000",1114230
"Bunbury|||",6049198
"Bundagen via Repton|-30.4124|153.06039|10000",6036869
"Bundeena|-34.082|151.151|10000",6062542
"Bundjalong N.P., Black Rocks|-28.415|153.568|10000",1087036
"Bungari Rd., 1.0km from Mt Allyn Rd, Chichester SF|-32.135|151.435|100",5006450
"Bungari Rd.,1.0km from Mt Allyn Rd Chichester SF|-32.135|151.435|100",5006450
"Bunya Mtns N.P., Paradise Falls|||",1138503
"Bunya Mts|-26.85|151.57|100000",6037438
"Burnett River, Eisvold|-25.3781|151.086|10000",6066655
"Burngup Res., E. Lake Grace|-32.807|118.67|10000",1094891
"Burren Juck|-34.9985|148.5929|10000",1144648
"Butterfly Gorge, Katherine Gorge, NP.|-13.745|131.574|10000",6039554
"c4k S Darkes Forest|-34.264|150.948|10000",1131134
"Cairns dist.|-16.922|145.776|100000",6038647
"Caloundra North of Brisbane Queensland|-26.80479|153.13384|10000",1144756
"Caloundra Queensland|-26.80479|153.13384|10000",1144757
"Cambridge Plateau, Richmond range SF|-28.78|152.75|10000",5025980
"Camplehay|-33.8184|151.0005|1000",1142106
"Canberra, F.C.T.  (Date appears to be originally printed 'June' but is crossed out and over-written with Roman numeral for 'v'. i.e. May|-35.3|149.133|10000",1145245
"Caparra Ck: Caparra Hut|-31.702|152.1906|1000",1122838
"Cape York Pen. Heathlands Hsd, at pumphouse|-11.7506|142.5818|1000",1086061
"Capel District (18 miles south of Bunbury)|-33.55575|115.561|100000",6026741
"Capel R.|-33.62|115.65|100000",1134107
"Carawena|-29.17|140|100000",6026960
"Carnarvon Rge|-25.283|148.733|100000",6034514
"Carnarvon Rge. Q.|-25.283|148.733|100000",6047729
"Cascade Ck Royal Nat Park|-34.25|150.73|10000",6066847
"Castlereagh S.F.|-33.682|150.751|10000",6027162
"Caught aboard ship off Flinders Reef Cay A, Coral Sea.|-14.1753|144.285|10000",6039643
"Cedar Ck, Cedar Trail, Washpool NP|-29.4783|152.3397|100",5005831
"Charlotte Pass, Snowy Mts.|-36.4152|148.3179|10000",6031065
"Chelsea V.|-38.05069444|145.1218056|10000",6054599
"Chili Beach nr. Portland Roads|-12.628|143.431|10000",1133326
"Chillago: in Ballroom Cave|-17.2|144.5|1000",6056145
"Chumooli nr Wyndham|-15.467|128.198|10000",1131583
"Ck flowing into middle ck, 600m above where it drops into gorge. Wattle Ck rd, 1.6km S of where rd bends at right angles to the SE on a small tributary Ck, Spirabo SF|-29.3106|152.1803|100",5005885
"CLAR03 Mann R:Grafton Rd|-29.6901|152.0935|1000",1120867
"CLAR27 Sandon R: Goldminers Rd|-29.7191|153.245|1000",1120371
"CLAR28 Wooli Wooli R.|-35.433|150.1921|1000",1128733
"Clarence|-33.4735|150.2262|10000",6033214
"Clarence R.|-29.1627|152.8159|1000",1090079
"Clarence, Blue Mountains|-33.4735|150.2262|10000",6033235
"Clarence, Blue Mtns|-33.473|150.226|10000",6033227
"Claudie R. near Mount Lamond|-12.75|143.28|10000",6066143
"Claudie R. near Mt. Lamond|-12.7341|143.2202|10000",6030727
"Claudie R., 4 miles W. Mt. Lamond|12.723|143.16|10000",1132724
"Claudie R.near MtLamond,NQld|-12.7341|143.2202|10000",6063691
"Clermont, Queensland|-22.82316|147.63834|10000",1094358
"Cliffs Trail about 2km S of gate from point Lookout Rd, New England NP|-30.5167|152.3869|100",6066557
"CLYD05 u/s Bimberamala R.|-35.4435|150.0651|1000",6040372
"Coen District, Cape York|-13.943|143.199|100000",1101362
"Coen district, CapeYork|-13.943|143.199|100000",1101362
"Coffs Hbr.|-30.3152|153.1179|10000",1144772
"Coleambally Irrigation Area|-34.813501|145.875472|100",5034329
"Collected at light|-24.54|149.279|10000",1083986
"Collubri, Nyngan|-31.908|147.187|10000",1084907
"Colong Dist., nr. Yerranderie|-34.1222|150.1693|10000",6034771
"Como|-33.9985|151.0679|10000",6056397
"Como Jannali (Top) Jannali (underside)|-34.0152|151.0679|10000",1144853
"Como, near Sydney|-33.9985|151.0679|10000",6035991
"Como-Janalli|-34.0103|151.0657|10000",1094628
"Coocumbac Is. Nature Reserve, Taree|-31.9152|152.4512|10000",6046320
"Cooper Park, Sydney|-33.8902|151.2512|10000",1135033
"Cooper Pk Syd|-33.8902|151.2512|10000",1092865
"Cooper Pk., Sydney|-33.8902|151.2512|10000",1144858
"Coorow 150 N (=150 miles N Perth)|-29.88209|116.0226|10000",1143757
"Coraki WL, Ballina|-28.9839|153.2514|1000",1129037
"CorinDam 35 mi. W.Canberra|-35.533|148.833|10000",1132482
"Cowan Track, at the end on the left|-33.648469|151.171146|10",1113694
"Cradle Mt.|-41.635|145.945|10000",1094981
"Cradle Vall.|-41.64869251|145.934938|10000",1091805
"Crystal Spring, 7 mi. W. Walpole|-34.983|116.607|10000",1140961
"CSIRO Exp. Fm, Wilton|-34.2402|150.7012|10000",1147771
"CSIRO Orchard, Wilton|-34.2402|150.7012|10000",6049143
"Cue. Millie Soak; Dedari|-27.85593|118.3048|10000",1143977
"Cunnamulla Q.|-28.07039|145.68258|10000",6063646
"Cunninghams Gap, NSW|-28.05|152.4|10000",6028126
"Cypress Dam, Mt Annan|-34.0764|150.7614|100",1128556
"Daisy Patch Rd, 3.7km S of Enfiel Rd. Enfield SF, Daisy Patch Flora Res|-31.3597|151.9233|100",5006063
"Dampier Mt Fire Trail, Deua NP, Site 4|-35.974|149.689|1000",5033540
"Dawson R.|-24.611|149.906|100000",1134442
"Dawson R. Q.|-24.09|149.82|100000",1144174
"De Burghs Pk (possibly refering to the park around De Burghs Bridge)|-33.7758|151.1356|1000",1092213
"Dead Horse Gap Kosciusko N. Pk.|-36.515|148.251|10000",6045085
"DEATHS LANE E OF FOREST - 7.7 KM S OF N END OF LANE. W SIDE OF RD|-33.82467|147.81384|",1097276
"DEATHS LANE E OF FOREST - 7.9 KM S OF N END OF LANE. W SIDE OF RD|-33.82467|147.81384|",1097286
"DEATHS LANE E OF FOREST - 9.5 KM S OF N END OF LANE. E SIDE OF RD|-33.8412|147.81033|",1097097
"DEATHS LANE E OF FOREST - 9.7KM S OF N END OF LANE. E SIDE OF RD|-33.8412|147.81033|",1097162
"Dividing Range|-37.659|146.117|100000",6059070
"Dongera|-29.251|114.931|10000",1140969
"Dorrigo N.P.|-30.382|152.751|100000",6040293
"Dorrigo NP Wonga Walk 700m Crystal Shower Falls|-30.3807|152.7293|100",1097727
"Dorrigo NP, Wonga Walk, 700m Crystal Shower Falls|-30.3807|152.7293|100",1097727
"Dowerin, W. Australia|-31.19154|117.0381|10000",6032618
"Dumaresque Cr. Armidale|-30.499|151.651|10000",1113897
"Dumaresque Cr. Armidale NSW|-30.499|151.651|10000",1113897
"Dunes, Seal Bay, Kangaroo Island|-36|137.33|",6058534
"Dunns Swamp nr. Kandos|-32.834|150.205|10000",1098046
"E. Alligator Riv. Oenpelli, N.T.|-12.319|133.054|10000",1085630
"E. Alligator Riv., Oenpelli, N.T.|-12.319|133.054|10000",6041055
"E. Alligator River, Oenpelli, N.T.|-12.319|133.054|10000",6041055
"E. Dorrigo|-30.24|152.9|100000",6067287
"E. Lake King|-33.09|119.633|10000",1140962
"Earlwood|-33.932|151.126|10000",6033542
"EAST EDGE OF FOREST. 0 IS ?M S OF INTERSECTION WITH CAMP RD. LINE RUNS S|-33.7764|147.81232|",1097263
"EAST EDGE OF FOREST. 0 IS 650M N OF INTERSECTION WITH CAMP RD. LINE RUNS S|-33.76136|147.81524|",1097100
"EAST EDGE OF FOREST. 0 IS 800M S OF INTERSECTION WITH CAMP RD. LINE RUNS S|-33.7764|147.81232|",1097220
"EAST EDGE OF FOREST. 0 IS 850M N OF INTERSECTION WITH CAMP RD. LINE RUNS S|-33.76136|147.81524|",1097270
"Edungalba, central Queensland|-23.71872|149.84876|10000",1144141
"Ellenborough River u/s Ellenborough Riv|-31.4608|152.4706|1000",1121643
"Ellery Creek, Central Australia|-23.868|132.97|100000",1136177
"Endeavour R.|-15.467|145.25|100000",6004414
"ENTER GUNNINGBLAND SF BY NW GATE TAKE 1ST L, THEN 1ST R THEN L AT 5 WAYS GO 400M. SITE IN ON R|-33.09231|147.96768|",1097237
"ENTER GUNNINGBLAND SF BY NW GATE TAKE 1ST L, THEN 1ST R THEN NEXT R GO 1.85KM. SITE IN ON L|-33.09704|147.95728|",1097524
"ENTER GUNNINGBLAND SF ON N/S ROAD. GO R FOR 1.3K. SITE BENDS AROUND CORNER|-33.10124|147.94519|",1097170
"ENTER GUNNINGBLAND SF ON N/S ROAD. GO R FOR 1.3K. SITE BENDS AROUND CORNER (HEADING S)|-33.10124|147.94519|",1097171
"ENTER GUNNINGBLAND SF ON N/S ROAD. GO R FOR 1.3K. SITE BENDS AROUND CORNER (HEADING W)|-33.10124|147.94519|",1097200
"Eversill Junction, Fly River, Papua|||",1144214
"Ewingar Ck, Elkhorn Rd; Ewingar SF|-29.1|152.4389|1000",6017298
"ex rainforest|-33.9985|151.0679|10000",1140833
"Expedition Ranges|-24.217|149.05|100000",1091790
"F.C.T.|-35.5|149|100000",1145118
"F.F. = Frenchs Forest|-33.749|151.201|10000",6038228
"F.T. Gully|-37.879|145.283|10000",6026176
"Fairy Bower NSW Near Sydney|-33.5985|150.2679|10000",6036698
"Ferguson R. X-ing, Stuart Hwy|-14.0767|131.8336|100",1086989
"Fiji Nadi, Viti Levu|-17.804|177.416|10000",1113567
"Fleminton Markets (= Flemington Markets)|-33.85|151.07|1000",1087597
"Flinders Is|-40.027|148.041|100000",1136220
"Forestonia|-32.43957|119.7776|10000",1143589
"Forrster camp|||",1137398
"Forsyth N.Q.|-18.709|143.7|10000",1128377
"Frame Downs Stn|-31.22|139.77|100000",1145093
"Frankland R. nr. Mt. Frankland|-34.81022|116.80964|",1087378
"Fraser Pk.|-35.38|149.18|10000",1129562
"Frenches Forest|-33.749|151.201|10000",6062015
"French's Forest|-33.749|151.201|10000",6041632
"French's Forest N.Sydney|-33.749|151.201|10000",6026439
"French's Forest, Sydney|-33.749|151.201|10000",6041630
"from|-12.462|130.842|10000",6054628
"From Burcher head head E through town. First right after garbage tip. (set trippy) travel 1.1 km. site on right, heads Nth.|-33.53021|147.27875|",1097223
"From Burcher head head E through town. First right after garbage tip. (set trippy) travel 2.5 km. site on right, heads Nth.|-33.54258|147.27582|",1097099
"From Burcher hotel set trippy travel 4.5 km gate on left glenview. At next gates set trippy, along track veering right for 200m. Site on right in 20m then head 220 deg|-33.53325|147.20877|",1097191
"From Burcher hotel set trippy travel 4.5 km gate on left glenview. At next gates set trippy, along track veering right for 5 50 m. ( before quarry.) site due W|-33.53153|147.2046|",1097165
"FROM CONDO GO OUT TOWARDS COBAR. SET TRIPMETRE AT RAILWAY LINES, GO FOR 700M. START SURVEY IN VEG. ON RIGHT LEADING SOUTH|-33.06986|147.13531|",1097043
"FROM CONDO HEAD OUT TOWARDS COBAR. KEEP GOING UNTIL RIFLE RANGE SIGN, TURN RIGHT DOWN IT THEN LEFT AT FENCE, DOWN DIRT ROAD FOR ABOUT 200M GO IN & START HEAD SOUTH|-33.05767|147.12859|",1097378
"FROM CONDO HEAD TOWARDS PARKES THEN LEFT AT NYNGANTURNOFF THEN LEFT AT TOTTENHAM 104 & SET TRIPMETRE.TURN IN GATES ON LEFT AT 3.9KM & SET TRIPMETER. GO FOR 900M THEN SITE IS 200M NORTH INTO PADDOCK.|-33.01095|147.2231|",1097078
"FROM CORRINGLE S.F. GO OUT MIDDLE GATE & HEAD SOUTH. TURN RIGHT AT X-ROADS (WHERE TELSTRA SHED IS) & SET TRIPOMETER. STOP AT 11.7KM. SITE IS ON RIGHT AND HEADS EAST.|-33.71613|147.11681|",1097072
"FROM CORRINGLE S.F. GO OUT MIDDLE GATE & HEAD SOUTH. TURN RIGHT AT X-ROADS (WHERE TELSTRA SHED IS) & SET TRIPOMETER. STOP AT 13.75KM. SITE IS ON RIGHT AND HEADS EAST.|-33.71527|147.10167|",1097471
"FROM CORRINGLE S.F. HEAD NORTH UNTIL PROPERTY ON LEFT CLAIRINCH. GO IN GATE & PULL OVER. SITE IS ON IMMEDIATE LEFT (OWNED BY JEAN & IAN RIDLEY AT WYOMING).|-33.6224|147.25271|",1097013
"FROM CORRINGLE S.F. HEAD NORTH UNTIL PROPERTY ON LEFT CLAIRINCH. GO IN GATE AND FOLLOW MAIN ROAD PAST HOUSE ON RIGHT TOWARDS STAND OF TREES. SITE IS IN TREES AND HEADS NORTH.|-33.62228|147.2527|",1097011
"From forest out N gate. (set trippy) go right.  left at tar , next left at Coronona,  6 km on meter - turnoff. Stop at 7.1 km site heading east.|-33.42281|147.25344|",1097374
"From forest out N gate. (set trippy) go right.  Left at tar. Take next left  toward Coronona 6 km on meter - turnoff. Stop at 5.7 km site on left heading east.|-33.4233|147.27209|",1097325
"From forest out N gate. (set trippy) go right. left at tar next left at Coronona,  6 km on meter - turnoff. Stop at 7.1 km site heading east.|-33.42281|147.25344|",1097321
"FROM GUNNINGBLAND HEAD N ON N/S RD AT INTERSECTION GO L FOR 3.4KM. SITE ON R|-33.05124|147.92213|",1097140
"FROM GUNNINGBLAND SF GO ONTO PARKES->CONDO RD TURN L THEN L AT WONGALEA SIGN.  GO 100M. SITE ON LHS HEAD N|-33.09361|147.982|",1097523
"FROM GUNNINGBLAND SF HEAD N ON N/S RD AT INTERSECTION GO L FOR 2KM. SITE ON L HEAD W|-33.06072|147.93662|",1097139
"FROM GUNNINGBLAND SF TURN R AT CONDO RD AT CROSSROAD. GO 1.45KM. SITE ON LEFT|-33.10977|147.92947|",1097222
"FROM MURDA S.F. GO OUT GATE AT N-EASTN EDGE. GO RIGHT THEN LEFT AT T INTERSECTION UNTIL DERRIWONG TURNOFF. SET TRIPMETRE & GO FOR 1.7KM. SITE IS ON LEFT & HEADS EAST|-33.01941|147.28607|",1097414
"FROM MURDA S.F.GO OUT GATE AT N-EASTN EDGE. GO RIGHT THEN LEFT AT T INTERSECTION UNTIL DERRIWANG TURNOFF ON RIGHT. SET TRIPMETRE AT CORNER & GO FOR 0.35KM. SITE IS ON LEFT & HEAD EAST|-33.01753|147.26624|",1097028
"G+J Lower Portland|-33.443883|150.88267|",1114417
"Galston|-33.6568|151.0429|10000",6065025
"Gara R. Armidale N.S.W.|-30.544|151.798|10000",1113984
"Gawler|-34.598|138.745|10000",1141545
"Gayndah|-25.625|151.608|10000",6032836
"Geman East Africa, Itigi|-5.7047|34.4914|10000",1142678
"Georges Basin, Wright's Beach|-35.1152|150.66789|10000",6062969
"George's Riv. nr. Lugarno|-33.99|151.046|10000",6028601
"German East Africa, Itigi|-5.7047|34.4914|10000",1142922
"Gibraltar Range Nat. Pk.|-29.499|152.285|100000",6033081
"GO IN EASTERN COMPARTMENT AT CORRINGLE S.F. VIA MIDDLE GATE & SET TRIPMETER. FOLLOW ROAD STRAIGHT AHEAD AS IT VEERS RIGHT. TURN LEFT AT CROSS ROAD AND STOP WHEN TRIPMETER REACHES 1.2KM. SITE IS ON LEFT.|-33.66645|147.25884|",1097470
"GO IN EASTERN COMPARTMENT OF CORRINGLE S.F. SET TRIPPY. TAKE IMMEDIATE RIGHT AND FOLLOW ROAD ALONG FOREST EDGE. GO IN GATE AT 2.05KM ON RIGHT. GO STRAIGHT AHEAD FOR 200M. SITE HEADS ON A BEARING OF 160 DEGREES.|-33.67683|147.26692|",1097063
"GO IN EASTERN COMPARTMENT OF CORRINGLE S.F. VIA MIDDLE GATE. SET TRIPOMETER FOLLOW ROAD STRAIGHT AHEAD AS IT VEERS RIGHT. TURN LEFT AT CROSS ROADS & THEN RIGHT AT T-INTERSECTION. STOP AT TRIPOMETER READING 3.2KM. SITE IS ON RIGHT.|-33.65581|147.29647|",1097474
"GO IN EASTERN COMPARTMENT OF CORRINGLE S.F. VIA MIDDLE GATE. SET TRIPOMETER THEN GO LEFT. TAKE NEXT RIGHT. FOLLOW ROAD AROUND BOUNDARY OF FOREST. STOP AT 3.4KM. SITE IS ON RIGHT AND HEADS WEST.|-33.64836|147.27888|",1097005
"GO IN EASTERN COMPARTMENT OF CORRINGLE S.F. VIA MIDDLE GATE. SET TRIPOMETER THEN GO LEFT. TAKE NEXT RIGHT. FOLLOW ROAD AROUND BOUNDARY OF FOREST. STOP AT 4.7 KM. SITE IS ON RIGHT AND HEADS WEST.|-33.64577|147.26085|",1097007
"GO IN GATE AT N-EASTN EDGE, TAKE IMMEDIATE RIGHT AND SET TRIPMETRE. FOLLOW ROAD AROUND FOREST EDGE STOPPING AT 3.3KM. SITE ON RIGHT HEADING EAST|-33.00863|147.20467|",1097084
"GO IN GATE AT N-EASTN EDGE. SET TRIPMETRE & TAKE IMMEDIATE RIGHT. FOLLOW ROAD AROUND FOREST EDGE STOPPING AT 1.9KM. SITE IS ON RIGHT HEADING E|-33.01077|147.21943|",1097412
"GO IN GATE ON N-EASTN SIDE & SET TRIPMETRE. TAKE IMMEDIATE LEFT THEN NEXT RIGHT. TURN RIGHT AT X-ROADS. WHEN AT 2KM SITE IS ON LEFT|-33.01269|147.21538|",1097041
"GO IN GATE ON N-EASTN SIDE, TAKE IMMEDIATE LEFT THEN NEXT RIGHT THEN LEFT AT X-ROAD. SET TRIPMETRE & GO FOR 150M. SITE IS ON RIGHT|-33.02374|147.212|",1097035
"GO IN W ENTRANCE OF BACKYAMMA SF AND GO E ALONG FOREST RD TO 3RD MAJOR CROSSRD. TURN S, GO 1.7K TO CORNER THEN 1.2K FURTHER. SITE IS ON N SIDE OF RD|-33.3416|148.23296|",1097431
"GO IN W ENTRANCE OF BACKYAMMA SF AND GO E ALONG FOREST RD TO 3RD MAJOR CROSSRD. TURN S, GO 1.7K TO CORNER THEN APPROX 200M FURTHER. SITE IS ON N SIDE OF RD|-33.34057|148.22271|",1097437
"GO OUT FOREST & HEAD SOUTH. TAKE NEXT RIGHT ALONG FOREST. THEN LEFT AT T-INTERSECTION. SET TRIPPY AT NEXT T-INTERSECTION & GO RIGHT. STOP AT 1.75KM. SITE IS ON RIGHT & HEADS EAST.|-33.66763|147.11742|",1097473
"GO OUT FOREST & HEAD SOUTH. TAKE NEXT RIGHT ALONG FOREST. THEN LEFT AT T-INTERSECTION. SET TRIPPY AT NEXT T-INTERSECTION & GO RIGHT. STOP AT 2.9KM. SITE IS ON RIGHT & GOES EAST.|-33.66659|147.10361|",1097048
"GO OUT MURDA S.F. AT N-EASTN GATE. GO RIGHT THEN LEFT AT T INTERSECTION & SET TRIPMETRE. GO FOR 4.3KM, TURN DOWN SMALL DIRT ROAD ON LEFT, DRIVE IN 100M, SITE IS IN CALLITRIS|-33.01414|147.25658|",1096998
"GO OUT MURDA S.F. ON N-EASTN GATE. GO RIGHT THEN LEFT AT T INTERSECTION & SET TRIPMETRE. GO FOR 3.75KM & TURN LEFT DOWN SMALL DIRT TRACK. SITE IS IN PINE ON RIGHT|-33.01564|147.24941|",1097051
"Goonderra Ridge, Royal Nat Park|-34.098|151.018|10000",6062284
"Gordon|-33.7485|151.1512|10000",6027982
"Goulburn|-34.7485|149.7346|10000",6046032
"Grafton, NSW|-29.05|153.1|",1147375
"Grose Riv. Grose Wold|-33.589922|150.661634|",1147415
"Grove Ck @ Abercrombie caves|-33.9146|149.358|1000",1119124
"Gundegai HS|-35.057653|148.100308|1000",1110603
"HACK504 South west Arm Ck, Flat Rock Crossing|-34.1177|151.0678|1000",1121589
"HACK507 Camp Gully d/s Helensburgh|-34.1852|151.0055|1000",1121594
"Halliday Bay 50km NE Mackay|-20.90177|148.98747|10000",1133352
"Halliday Bay 50km NNW Mackay|-20.90177|148.98747|10000",1133350
"Halliday Bay, 50km NE Mackay|-20.90177|148.98747|10000",6044274
"Halliday Bay, 50km NE Mackay Qld|-20.90177|148.98747|10000",1131881
"Halliday Bay, 50km NNW Mackay|-20.90177|148.98747|10000",1147567
"Halliday Bay, Qld|-20.90177|148.98747|10000",1131880
"Harbord near Sydney|-33.7735|151.2846|10000",6048709
"Harry's wetland  Lower Portland|-33.443883|150.88267|",1114418
"Hat Hill|-33.5985|150.33459|10000",1092881
"HAWK08 Nepean River u/s Penrith|-33.8033|150.6267|10000",1127925
"Hayman I. N.Q.|-20.051|148.888|10000",1087555
"Haystack Ridge, nr Mt Tomah|-33.5318|150.4012|10000",6064408
"HEAD NTH ALONG RD FROM WARRADERRY FOR 2.9KM. TRANSECT HEADS STH ON EAST SIDE OF RD.|-33.66558|148.20172|",1097342
"HEAD NTH ALONG RD FROM WARRADERRY FOR 5.2KM. TRANSECT HEADS STH ON EAST SIDE OF RD.|-33.65151|148.19311|",1097187
"HEAD STH ALONG RD FROM INTERSECTION AT STH OF TOMARBIL FOR 2.1KM. DRIVE THROUGH PADDOCK ON EAST OF RD TO 2ND LARGER REMNANT. SUBSITE A STARTS 20M IN FROM STH SIDE OF REMNANT.|-33.53561|148.18711|",1097525
"HEAD STH ALONG RD FROM INTERSECTION AT STH OF TOMARBIL FOR 2.1KM. DRIVE THROUGH PADDOCK ON EAST OF RD TO 2ND LARGER REMNANT. SUBSITE B STARTS 120M IN FROM STH SIDE OF REMNANT. EACH TRANSECT 100M RUNNING FROM WEST SIDE.|-33.53414|148.18534|",1097125
"HEAD STH ALONG RD FROM INTERSECTION AT STH OF TOMARBIL FOR 3.1 KM. TRANSECT HEADS STH.|-33.54532|148.18607|",1097341
"HEAD STH ALONG RD FROM INTERSECTION AT STH OF TOMARBILFOR 4.9KM. TRANSECT HEADS STH.|-33.55863|148.19673|",1097348
"Heathcote Rd Sydney|-34.0041|150.9708|10000",6040539
"Henbury Stn., C. Australia|-24.552|133.249|10000",6026950
"Henrietta Creek, Palmerston National Park|-17.597767|145.7411|",1087540
"Henrietta Creek, Palmerston National Park (= Palmerston Rocks National Park)|-17.597767|145.7411|",1087540
"Herveys Ra.|-19.38112|146.44916|100",1117657
"Hobart Tas|-42.882|147.323|10000",6029744
"Hornsby Hts|-33.6652|151.0929|10000",6066954
"Hucketa Ck. nr. Plenty R. C.A.|-23.379|136.458|100000",6041425
"Hume Ck @ Mount Mary|-34.6462|149.3698|1000",1119007
"HUNT520 Goulburn R d/s Ulan Colliery|-32.216|149.7873|1000",1122104
"Illawarra|-34.51|150.88|100000",1142009
"Intersection Kunungra & Berrico Rds Chichester SF|-32.1133|151.7681|100",1087734
"Inverell|-29.7818|151.1179|10000",6060828
"J.|-34.0152|151.0679|10000",6055106
"Janalli|-34.0152|151.0679|10000",1144855
"Jannali|-34.0152|151.0679|10000",6056188
"Jibbon Beach Port Hacking|-34.0818|151.16789|10000",6026570
"Jinki Ck Blue Mts|-33.5486|150.3011|10000",6036393
"Jinki Ck. Mtns|-33.5486|150.3011|10000",1133513
"K. G. Sd.|-35.049|117.934|10000",6052314
"K. G. Sound|-35.049|117.934|10000",6052314
"K.G. Sound|-35.049|117.934|10000",6052314
"Kalamunda (top) National Park (underside)|-31.95906|116.0751|10000",1143564
"Kananga-Boyd Nat. Park|-33.999|150.085|10000",1133481
"Kangaroo I.|-35.833|137.333|100000",6031405
"Kangaroo Is.|-35.833|137.333|100000",1090816
"Karanda|-16.82|145.63|",1110554
"Karkar I. (Dampier I.), M.T. New Guinea|-4.63|145.97|10000",1087108
"Katherine R. at Notts Xing Katherine|-14.4366|132.2768|10000",1147798
"Katherine&vic|-14.467|132.267|100000",6028197
"Kerang V.|-35.731|143.92|10000",6025746
"Kersbrook SA., Kersbrook Santuary (=Sanctuary?)|-34.784|138.852|10000",1140935
"KimberleyRs, St. 10mi.N.Kununurra|-15.65|128.71|10000",6048496
"Kinchega N.P.|-32.499|142.335|10000",1087338
"Kinchega Nat. Park, nr Menindee|-32.4986|142.3347|100000",1087337
"Kinchega NP nr Menindee|-32.4986|142.3347|100000",1087337
"King George's Sound|-35.049|117.934|10000",6052314
"King Georges Sound, W.A.|-35.049|117.934|10000",6052314
"Kings Sd|-16.821|123.471|100000",6039861
"Kings Sound, n.W.A.|-16.821|123.471|100000",1128414
"Kingswood|-35|144|100000",6004862
"Kiwarrah SF [ spelling error on label ]|-31.98|152.43|",6030625
"Kosciusko|-36.398|148.4257|100000",1090226
"Kosciusko National Park Sawpit Cr. Cmpgrd. picnic area|-36.349917|148.56415|",1087401
"Kosciusko Nat'l Pk. nr. Tharwa Gibraltar Cr., Gibraltar Cr. cmpgrd.|-35.48114|148.94|",1087372
"Kosciusko NP, Thredbo|-36.499|148.301|10000",1138144
"Kosciusko, 5-6000'|-36.398|148.4257|100000",1090226
"Kununurra&vic.|-15.773|128.739|100000",6061411
"Kuranda Ra. State Forest, N.Qld|-16.78611|145.50667|100000",6037901
"Kurnell|-34.0152|151.2012|",6026867
"L. Bryde|-33.858|123.015|10000",1092008
"L. Callabonna|-29.683|140.055|100000",6038867
"L. Hurlstone|-32.60319|119.399|10000",1143755
"L. Johnston|-32.1989|120.9303|100000",1144171
"La Perouse|-33.9914|151.2438|10000",1092862
"Label collection date is 13.II.1961. Holotype description has date as 18.II.1961|-27.33|152.77|10000",1145418
"LACH201 Willandra Ck @ Willandra NP (this is LACH207 Locality!)|-33.1736|144.5669|1000",1119920
"Lachlan R @ Paytens Br|-33.5|148.308|1000",1119916
"Lake George NE F.C.T|-35.098|149.418|100000",1136789
"Lama Langu, New Hebrides|-15.47|168.13|1000",1087212
"Landsbobrough, S.Q.|-26.80923|152.9655|10000",6027396
"Lees Ck.|-35.333|148.883|10000",1101530
"Lejo Pln, Popondetta, N.D. Papua|8.73136|148.162259|10000",1147596
"Linga, NMV (North-Western Victoria)|-35.17|141.696|10000",1084770
"Llandillo, Sydney|-33.715|150.751|10000",6050281
"Llandilo, Sydney|-33.7|150.75|10000",6036056
"Loddon Falls nr Bulli Pass|-34.2818|150.8929|10000",6061023
"Loddon Falls nr. Bulli Pass|-34.2818|150.8929|10000",6061022
"Londonderry; Sydney|-33.648|150.735|10000",1092866
"Londonderry-Llandilo-Berkshire Park, Sydney|-33.645|150.736|10000",6031588
"Lonely M, Rhodesia|-19.5|28.75|10000",1142723
"Lord Howe I.|-31.515|159.068|10000",1136844
"Lord Howe Is.|-31.515|159.068|10000",6055193
"Lord Howe Isl.|-31.515|159.068|10000",6055193
"Lorien Wildlife Refuge 3 km N Lansdowne|-31.753487|152.537747|10000",1092221
"Lorien Wildlife Refuge, 3km N Lansdowne|-31.753487|152.537747|10000",1092223
"Lullfitz Rd; Broome|-17.90737|122.22327|1000",1143853
"Lumeah Rd, 1.7km from Mt Allyn Rd, Chichester SF|-32.1089|151.4344|100",5006049
"Lyell Hwy, Franklin Gordon Wild Rivers N.P., Nelson River|-42.104|145.736|1000",6044627
"Lyell Hwy, Franklin Gordon Wild Rivers N.P., Surprise River|-42.21|146.0172|1000",6062297
"Mabuiag Id|-9.954|142.181|10000",6047842
"Macleay R, Belgarve Falls|-31.0908|152.7442|1000",1122540
"Main Ck, track off Mt Tindal Rd, Ramornie SF|-29.71694444|152.64|100",5005788
"Malay Penins: Pahang, F.M.S. (Federated Malay States), Fraser's Hill|3.719|101.74|10000",1136950
"Mangaping, Langogan R. Palawan Phils|10.089|119.0947|100000",1147676
"Mann R u/s Mann R Reserve|-29.7935|151.8195|1000",1121085
"Manning Point , near Taree|-31.8973|152.6638|10000",6038730
"Manning Point via Taree|-31.9152|152.66789|10000",6033652
"Manning Point, approx 12kms E. Taree|-31.8973|152.6638|10000",6053050
"Manning Point, approximately 20km E. Taree|-31.8973|152.6638|10000",6048490
"Manning Point. E Taree|-31.9152|152.66789|10000",1147577
"Manning Point. E. of Taree|-31.915|152.668|10000",6032297
"Marloo, Wurarga (see underside of card)|-28.31652|116.1823|10000",1143478
"Maroota S.F.|-33.515|150.985|10000",6035258
"Marowan Cr. Glen Innes|-29.869|151.795|10000",1114025
"McCarr's Creek; Ku-ring-gai Chase|-33.6735|151.2429|10000",6062916
"M'di|-31.7652|150.83459|10000",6040265
"Mebbin State Forest NE Mt Warning|-28.448|153.168|10000",1133332
"Medlow Bath|-33.6818|150.2846|10000",6031177
"Medlow Bath, N.S.W.|-33.6818|150.2846|10000",6031177
"Middle Claudie Riv Iron Range nQld|-12.712|143.2895|10000",1129459
"Middle Harb. Sydney|-33.815|151.251|10000",6027652
"Mihi, Uralla|-30.713|151.697|10000",6047376
"Milmarran|-27.879|151.268|10000",1140663
"Milmerran|-27.879|151.268|10000",1135843
"Mogriguy - top collection label|-32.0623|148.7476|10000",6062520
"Molonglo District, Canberra|-35.3|149.13333|100000",6028365
"Monto District Bulburin Site 1|-24.52|151.48|10000",1084182
"Moolooka, Queensland|-21.42|141.25|",1147177
"Moonbar (Stn), Monaro|-36.51|148.53|10000",6065006
"Mooney Mooney Ck. nr Gosford|-33.4652|151.2179|10000",6060589
"Mooney Mooney Creek, near Gosford|-33.4652|151.2179|10000",6042494
"Mooney Mooney, Hawksbury|-33.5235|151.2012|10000",6032170
"Moores' Riv (top) Mogumber (underside)|-31.0355|116.0417|1000",1143574
"Mount Kiera (misspelling)|-34.3985|150.8512|10000",1140897
"Mount Victoria|-33.5818|150.2512|10000",6062301
"Mountain Lagoon, Wollemi National Park|-33.4318|150.6346|10000",6026637
"Mt Allyn Rd. adj to Mt Allyn Forest Park (900m ?? of jnct of Mt Allyn lookout Rd)|-32.1178|151.4258|100",5006600
"Mt Banks, Blue Mts|-33.5818|150.3679|10000",1133447
"Mt Buffalo NP 400m Eurobin Ck|-36.696|146.856|10000",1138592
"Mt Elliot N.P. above Alligator Ck. Falls|-19.469|146.957|10000",1138139
"Mt Illbillee, Everard Ra.|-27.02981|132.45375|10000",1147543
"Mt Irvine|-33.49|150.451|10000",6047461
"Mt Lewis nr Mossman|-16.583|145.283|10000",1133357
"Mt Lewis, N.Qld|-16.583|145.283|10000",1139209
"Mt Lofty|-34.974|138.709|10000",6025288
"Mt Lofty Rgs|-34.453|139.142|10000",6005728
"Mt Lweis Rd. via Julatten, N.Qld|-16.5808|145.3232|",1144739
"Mt Pleasant Wollongong|-34.396|150.868|10000",1136586
"Mt Spec, N.Q.; Fish Lure; Ewan Rd 4m W Paluma 3020|-19.0159|146.1557|1000",1139521
"Mt Tambourine|-27.92305|153.17167|10000",6041033
"Mt Tambourine, S.Q.|-27.92305|153.17167|10000",6050728
"Mt Tomah|-33.5485|150.41789|10000",1140988
"Mt Tomah, Blue Mtns|-33.5485|150.41789|10000",1133514
"Mt Victoria|-33.5818|150.2512|10000",6062301
"Mt Wellington|-42.89624561|147.23528582|10000",1140291
"Mt Werong Fire Rd 14.5km S Tuglow Riv.|-34.0883|149.9041|10000",6028013
"Mt Wilson|-32.2754|151.2919|1000",6026200
"Mt Wilson, Blue Mountains|-33.501|150.3948|10000",6026147
"Mt Windsor T'land|-16.217|145.033|10000",1138599
"Mt.  Lofty|-34.974|138.709|10000",1084764
"Mt. Blundells|-35.3|148.85|10000",1107591
"Mt. Illbillee, Everard Ranges|-27.02981|132.45375|10000",6043630
"Mt. Illibilli Everard R.A.|-27.02981|132.45375|10000",1147543
"Mt. Irvine|-33.49|150.451|10000",6025935
"Mt. Kaputar Nat. Pk.|-30.1985|150.1512|10000",6065231
"Mt. Kaputar NP; Waa Gorge; dry r'for.|-30.0486|150.1011|1000",1087345
"Mt. Keira|-34.3985|150.8512|10000",1091080
"Mt. Koscusko 5000'|-36.5327|148.2282|10000",6045487
"Mt. Lewis, N. Qld|-16.5|145.27|100000",1142725
"Mt. Lofty R.|-34.453|139.142|10000",6067167
"Mt. Lofty Rge|-34.453|139.142|10000",6005728
"Mt. Lofty Rgs|-34.453|139.142|10000",6005728
"Mt. Lofty Rgs.|-34.453|139.142|10000",6051122
"Mt. Magog, Stirling ranges|-34.395|117.946|10000",6057053
"Mt. Mlanje, Nyasaland|-16.11|35.65|100000",1142920
"Mt. Royal S.F.|-32.215|151.318|10000",6037800
"Mt. Tambourine|-27.92305|153.17167|10000",6041033
"Mt. Tambourine, S.Q.|-27.92305|153.17167|10000",6047657
"Mt. Tomah|-33.5485|150.41789|10000",1133211
"Mt. Tomah, Blue Mountains|-33.5485|150.41789|10000",1131766
"Mt. Tomah, Blue Mtns|-33.5485|150.41789|10000",1133283
"Mt. Tomah, Blue Mts|-33.5485|150.41789|10000",1133202
"Mt. Toolbrunup, Stirling Ranges|-34.38|118.05|10000",6037846
"Mt. Victoria|-33.582|150.251|10000",6031330
"Mt. William, Grampians|-37.2949|142.6025|10000",6050669
"Mt. Wilson|-33.501|150.3948|10000",6056222
"Mt. Wilson, Blue Mountains|-33.501|150.3948|10000",6055130
"Mt. Wilson, Blue Mts.|-33.501|150.3948|10000",6059688
"Mt. Wilson, NSW|-33.501|150.3948|10000",6056231
"Mt.Davies&vic|-26.214|129.258|100000",6047528
"Mte Pagano Paganetti|41.533|19.933|10000",1131157
"Mtn Lagoon, Blue Mtns|-33.4318|150.6346|10000",1147486
"mulgrave R. 4miles W of Gordonvale Q.|-17.141|145.752|10000",1091118
"Mumbulla Ck: Mumbulla Falls|-36.5747|149.8922|1000",1120212
"MURR22 Bogong Ck|-36.3558|148.2015|1000",1123056
"Murray Drive|-31.5485|159.0763|10000",1147814
"Murray I.|-9.915|144.052|10000",1086245
"Murray R.|-34.62|140.11|100000",6028385
"Murray R., S. Australia|-34.62|140.11|100000",6028385
"Murrumbidgee R.|-35.169|145.893|100000",1134011
"Musgrave Ranges|-26.33|131.42|10000",6032902
"Myall Lakes|-32.432|152.368|100000",1142743
"Myall Rd., gully|-33.67464|151.119|1000",6050680
"Myponga, S. Australia|-35.392|138.464|10000",6027327
"N EDGE OF BACKYAMMA SF APPROX 500M E OF MOST NW CORNER|-33.30542|148.16946|",1097435
"N EDGE OF BACKYAMMA. R1 START IS 1400M FURTHER W FROM SUBSITE A - BULK OF SITE IS BETWEEN 2 FENCES|-33.30596|148.18412|",1097027
"N OF BACKYAMMA SF. ADJACENT TO OLD SHEDS VISIBLE FROM PERIMETER RD IN SF - ON PROPERTY CALLED HILLSIDE|-33.30652|148.21609|",1097476
"N. of Witchcliffe|-34.0106|115.0939|1000",1140970
"N. Sydney|-33.832|151.201|10000",6041006
"N.Sydney|-33.832|151.201|10000",6041005
"N.W. Australia, Broome|-17.96167|122.2363|10000",1143865
"Nadgee S.F.|-37.3152|149.8679|10000",6051669
"Nambucca R.|-30.6152|152.7512|100000",6066990
"Nandewar|-30.4293|150.9576|10000",1085941
"Nanutarra|-22.54147|115.4997|10000",1143841
"Nar-be-Thong|-37.564|145.655|10000",6035119
"Narrabeen near Sydney|-33.7152|151.28461|10000",1092250
"National Park|-33.634|150.285|10000",6059833
"National Park, Macpherson Rge|-28.25|153.13|100000",6049079
"National Park, N.S.W.|-34.1318|151.0512|100000",6039464
"National Park, NSW|-34.1318|151.0512|100000",1142310
"National Park, Qld|-28.256|153.134|10000",1091225
"National Park, Sydney|-34.1318|151.0512|100000",1134438
"Near airport, Iron Range|-12.78599|143.30473|10000",6032080
"Near gravel quarry, Bundjalung NP|-29.2867|153.2778|100",6027376
"near Mt Banks, Blue Mountains|-33.5818|150.3679|10000",1147414
"Nepean R. (see notes)|-33.857|150.618|10000",6030193
"Newell Bch. nr. Mossman|-16.423|145.407|10000",6055215
"Newnes P. Swamp (Site W)|-33.306|150.262|10000",6063306
"Newnes, P. Moist|-33.306|150.262|10000",1140778
"Newnes, P. Ridge|-33.306|150.262|10000",6031503
"Newnes, P. Swamp|-33.306|150.262|10000",6063306
"Night Island (Label), N. Australia (register)|-13.18299|143.57666|10000",1128401
"no locality details given, but only known locality for this species from 2 sites near Lake Douglas, 12 km SW of Kalgoorlie|-26|126|100000",1102374
"Norigar Rd, Ewingar SF|-29.1547|152.4364|100",5006643
"North Harbour, Sydney|-33.7985|151.2679|10000",6059355
"Norton's Basin Nepean River|-33.857|150.618|10000",6034723
"Norton's Basin, Nepean R.|-33.857|150.618|10000",6036248
"Nourlangie Creek, N.T. 8km N Mt. Cahill|-12.775|132.757|10000",1113570
"Nowlands backwater|-30.2057|152.0109|1000",1121129
"Nowra|-34.881|150.608|10000",6063184
"nr. Blackheath Blue Mountains|-33.6341|150.2848|10000",6054194
"Nr. Cutler's Pass, William's River|-32.15|151.52|10000",6061728
"nr. south Mission Beach|-17.943|146.093|10000",1133336
"NSW Munmorah State Rec|-33.230107|151.576416|100",5037219
"NSW; Oaky Creek NR; S end of Melville Range in reserve, halfway up W side of range|-31.1158|150.6283|1000",5035705
"Nth Kurrajong|-33.549|150.651|10000",6028292
"Nyasaland|-13.25|34.3|100000",1142926
"Nyasaland, Chiromo, Ruo R.|-16.55|35.14|100000",1142916
"Nyasaland, Ft. Johnston|-14.467|35.267|10000",1142721
"Nyasaland, Mdalas|-13.25|34.3|100000",1142925
"Obeloe Ck, 2.0km SW along Oboloe rd from Chaelundi Rd Mount Hyland Nat Res|-30.1639|152.4589|100",5005590
"Oberon Bay Wilsons Prom Nat Pk|-39.06606|146.3367|10000",1087358
"Ocean Beach. Tomeree Head, Pt. Stephens.|-32.7208|152.1847|10000",1087356
"Old Lockhart R.Mission S. of Iron Range|-12.96|143.506|10000",1132573
"On mountain Rd, 0.2km S of jnct with Kununga Rd|-32.1394|151.7456|100",5005811
"On track to (2 indecipherable words) Field, Blackheath|-33.634|150.285|10000",6037095
"One Tree Hill, Brisbane|-27.483|152.967|10000",6029310
"Onslow Rd.|-21.938|115.2863|100000",1143845
"Original label says NSW but Coolup is located in WA.|-32.73|115.87|",6063772
"ORRS PROPERTY - LIVE AT COOKS MYALL|-33.09599|148.03278|",1097428
"Otford, Sydney|-34.208|151.0029|10000",1140901
"Otway Ranges Melba Gully St. Pk|-38.6924|143.3747|1000",1138614
"Ourimba|-33.3652|151.3679|10000",6036250
"Ourimbah on hw det label and in register|-33.3652|151.3679|10000",6036249
"Ouse River|-42.16|146.76|100000",6031662
"Packsaddle, 111mi. N. Brokenhill|-30.598|141.951|10000",6030744
"PARKES TO ORANGE RD. R1 START IS 3.2K FROM EUGOWRA TURNOFF - JUST PAST ALAMAR. N SIDE OF RD|-33.14273|148.22378|",1097149
"PARKES TO ORANGE RD. R1 START IS 750M PAST AIRPORT TURNOFF. N SIDE OF RD|-33.14268|148.22389|",1097020
"Peninsula Rd., Lansdowne S.F.|-31.7408|152.5259|1000",6028200
"Penrose S.F.|-34.6485|150.2346|10000",6037300
"PHILIPPINES: LUZON RCAT SAMPALOC TANAY, RIZAL|14.5578|121.3461|1000",1087229
"Pk. Charles|-32.8801|121.1733|10000",1144294
"Plot Rd., 3km W of Durras|-35.645|150.257|1000",5033641
"Plumbago Ck d/s Confl. Sawpit Ck|-28.9093|152.402|1000",1121039
"Poleyvale Abo. Res.|-23.06667|139.03333|1000",1086917
"Pollys Gully rd. Badja SF|-36.111|149.474|1000",5033755
"Port Darwin Dist.|-12.482|130.829|100000",6029008
"Prince of Wales I. Torres Strait S-e. side opp. Packe I.|-10.7285|142.2086|10000",1113629
"Pt. Denison- (Assumed Bowen, Queensland)|-20.03583|148.25193|10000",1087324
"Public Jetty|-31.5234|159.0587|10000",1147815
"Q. Injune|-25.843|148.566|10000",6058607
"Qld. Cooloola N.P.|-26.0844|153.0294|100000",6041743
"QLD: Badu Is., Torres Str.|-10.117|142.15|10000",1109423
"Queensland. Locality obtained from original registration book|-22.82316|147.63834|10000",1087301
"R. Nat. Pk., Sydney|-34.13|151.07|100000",6062143
"R.N.P|-34.1318|151.0512|100000",6057031
"Rainforest, Iluka, Clarence R.|-29.3985|153.3679|10000",6056014
"R'c KE|||",6062955
"Redcliffs|-34.30513889|142.1879167|10000",1144285
"Rich. R.|-28.7276|153.1486|100000",6033350
"Richmond Park, Gordon, near Sydney|-33.7485|151.15961|10000",1147772
"Rivertree Fire trail, on ridge approx. 2km NNE from turnoff, Gilgurry SF|-28.755|152.2644|100",5006787
"RNP|-34.1318|151.0512|100000",6056006
"Rock pool, bed of Williams R.|-32.35|151.75|100000",1091075
"Rocky Waterholes Rd, Beaury SF|-28.5533|152.3292|100",6033664
"Roebourne, N.W. Australia|-20.77111|117.1453|10000",1143816
"Roeburn|-25.11667|149.58333|10000",1143832
"Roeburn (no state given) species found throughout northern Australia (WA, NT & Qld)|||",6054487
"Roper R. x-ing 2km W of Mataranka|-14.9136|133.085|1000",1103822
"Ropes Ck.|-33.832|150.801|10000",6063100
"Round Hill Fauna Reserve|-33.0485|146.2012|10000",1147474
"Round Hill Fauna Reserve, N.S.W.|-33.0152|146.1679|10000",1086994
"Round Hill Faunal Reserve|-33.0152|146.1679|10000",6053878
"Round Hill Reserve|-33.0152|146.1679|10000",1144166
"Round Hill, Round Hill Reserve|-33.0152|146.1679|10000",1143560
"Royal N.P., Flat Rock Crossing, ex Saw Arm Creek|-34.1152|151.0681|1000",1138783
"Royal N.P., National Falls, madicolous zone|-34.1507|151.015|1000",1138781
"Royal N.P., National Falls, roadcut seeps|-34.1511|151.0149|1000",6063888
"Royal N.P., Uloola Falls|-34.115|151.035|10000",6048859
"Royal Nat Park|-34.1318|151.0512|100000",6064025
"Royal Nat. Pk. Great Marley Beach|-34.1152|151.1346|10000",1092874
"S Westerly branch of Kunderang Station Ck|-30.8089|152.1122|100",6034058
"S.  Queens|-28.1|145.72|10000",1093926
"S.  Queensld|-28.1|145.72|10000",1093926
"S. Australia|-30|135|100000",1092867
"S. Johnstone R.|-28.382|152.368|10000",6047889
"S. Rhodesia, Chirinda|-20.08|31.47|",1142697
"SA Lake Gillies (misspelling)|-32.79067|136.80822|10000",1087339
"Saddle along ridge with steep drop to the S & a shallow basin to the N., Spirabo SF|-29.3125|152.1864|100",5005933
"SAND'HAM V.|-37.949|145.005|10000",1130612
"Sandhills Bilgola Beach|-33.6318|151.3179|10000",6056306
"Sans Souci Sydney|-33.9985|151.1346|10000",6065766
"Saw Pit Ck. Snowy Mts|-36.3605|148.5106|10000",6034688
"Sawpit Ck 3800ft Mt Kosciusko|-36.3565|148.5687|10000",6041098
"Seaford. V|-38.10513889|145.1318056|10000",6060713
"Serpentine R. Point Lookout 4000' NSW|-30.475|152.322|10000",1114038
"Serpentine R., Point Lookout NSW 4,000'|-30.475|152.322|10000",1114038
"Sigatokai, Fiji|-18.1429|177.5046|10000",1147681
"Sisters Beach, Rocky Cape N.P.|-40.9163|145.5691|10000",1147569
"Site 4 i - 1989 : H-4-14 Dipt|-28.14|153.11|10000",6028414
"Site 5 : H-5-10 Dipt|-28.14|153.11|10000",6028415
"Small track off (S) Dome Rd. Track about 2.5km W of Never Never Picnic Area about 150m up this track Dorrigo NP|-30.3589|152.7833|100",5006113
"South Coast (topside) Jannali - Sutherland (underside)|-34.028|151.0634|10000",1092553
"South Forest Way, Tallagandra SF, Site 2|-35.702|149.542|1000",1052721
"Speewah Rd, 5 mi S. Kuranda|-16.8737|145.5997|10000",6054782
"Springwood|-33.6968|150.5685|10000",1144823
"Stanthorpe, S.Qld|-28.65472|151.93499|10000",6034797
"Stanthorpe,Qld|-28.65472|151.93499|10000",1144778
"START 1.3 KM N OF SW CORNER OF FOREST. HEAD N ALONG WESTERN MARGIN.|-33.71155|148.13922|",1097520
"START 800M E OF SW CORNER OF FOREST. HEAD W ALONG SOUTHERN MARGIN.|-33.72728|148.13994|",1097340
"Sth Coffs Hbr.|-30.336|153.1154|10000",1144773
"Sth Johnstone|-33.424|151.342|10000",6050450
"Stradbroke I|-27.589|153.454|10000",1084762
"Stradbroke Isd.|-27.589|153.454|10000",1084761
"Strzelecki Cr.|-29.364|139.83|10000",6044932
"Summit of Round Hill, Round Hill Reserve|-32.9672|146.1668|10000",1093672
"swamp, 28km N. of Laura, N.Qld|-15.347|144.455|10000",1132462
"Swan R|-31.895|115.971|100000",6056894
"Swan R.|-31.895|115.971|100000",6052143
"Sweers Island (Label), N. Australia (register)|-17.10222|139.61889|10000",6046231
"Sydney, Edgeclff, Trumper Pk.|-33.881|151.235|1000",1138145
"Sylvannia|-34.0152|151.1012|10000",6066842
"TAKE RD 1.4 KM S OF SW CORNER OF FOREST.  HEAD NTH FOR 0.9 KM. TRANSECT HEADS W STARTING 20M IN.|-33.71964|148.14961|",1097010
"TAKE RD 1.4 KM S OF SW CORNER OF FOREST. HEAD NTH FOR 1.9 KM. TRANSECT HEADS W STARTING 20M IN.|-33.71172|148.1487|",1097033
"Taken resting on grassheads|-33.13|148.18|10000",1147481
"Talbigo NSW 1200'|-35.582|148.301|10000",1114181
"Tambourine Mountain|-27.92305|153.17167|10000",6051348
"Tambourine Mt|-27.92305|153.17167|10000",1112568
"Tambourine Mt., Q.|-27.92305|153.17167|10000",1144758
"Tammin (top) Cumderin (underside)|-31.642|117.486|10000",6010205
"Tanganyika, Magugu|-4.017|35.767|10000",1113568
"Tarcuttah|-35.265|147.735|10000",6021080
"Tasm. 2488|-42.25|146.5|100000",6047685
"Tasmania (from first specimen and Register)|-42.25|146.5|100000",6032342
"Telowie Gorge, 10km E. Port Germein|-33.02133|138.11069|10000",6065015
"Telowie Gorge, 10km E. Pt Germein|-33.02133|138.11069|10000",6065015
"Telowie Gorge, 10km SE Port Germein|-33.02133|138.11069|10000",6032718
"Telowie Gorge, 10km SE Pt Germein|-33.02133|138.11069|10000",6032718
"The Bogan|-31.47|147.18|100000",6047270
"The Gorge, Sturt, Nat. Park, NSW|-29.332|142.235|10000",6064611
"Thomas R., Esperance|-33.858|123.015|10000",1093210
"through gate at N end, dam on left. (set trippy) go right. Left at T, meter reading 2.9 km. Paddock on right. over fence, in 100m. site heads W|-33.48691|147.23398|",1097432
"Through gate at N end. 2.3 km from dam on left. through vegetation on right approx 100 m heading South|-33.49132|147.24787|",1097532
"Through gate at N end. Travel 1.1 km from dam on left.  take next  left (veers back north) stop at 1.2.km.  Site on right 110 deg East.|-33.47794|147.25001|",1097177
"Through gate Nth end. Dam on left (set trippy). turn right. Turn left at T. when meter reads 1.1km -  site on right, heads Nth along fence.|-33.47308|147.2415|",1097330
"Through gate Nth end.(set trippy) turn right. Left at T intersection. Follow road around forest edge when meter reads 5.3 site is on right. heads Nth along fence.|-33.50503|147.22973|",1097153
"TICHBOURNE TO WARRIGAL RD. R1 START IS 5.7K FROM TICHBOURNE TURNOFF. N SIDE OF RD|-33.216|148.06256|",1097478
"TICHBOURNE TO WARRIGAL RD. R1 START IS 7.2K FROM TICHBOURNE TURNOFF. S SIDE OF RD|-33.22335|148.04638|",1097009
"Tinda ck. Putty rd|-33.159783|150.694659|10000",6030648
"Tinda ck. Putty Rd, NSW|-33.159783|150.694659|10000",6030649
"Tintinarra|-35.884|140.058|10000",1136093
"Tom Grogins Hut|-36.538|148.132|10000",6026594
"top of card -Tammin; underside - Kellerberrin|-31.63181|117.7079|10000",1143759
"Trib. Wilson River, 70 metres along Falls Walk Track|-31.2|152.48|10000",1124524
"Tributary Grasstree Ck, Nogrigar Rd, Ewingar SF|-29.1486|152.4314|100",5005782
"'Tuglo' 48km N of Singleton|-32.2754|151.2919|1000",1147487
"'Tuglo' 50km N Singleton|-32.2754|151.2919|1000",1114586
"Tuglo Wildlife Ref 50km N Singleton|-32.2754|151.2919|10000",6057115
"Tugun, S.Qld|-28.147|153.493|10000",1144775
"TWED706 Clothiers Ck|-28.3275|153.508|1000",1120828
"Tweed R|-28.3412|153.3691|100000",6056975
"Tyenna River, W Westerway|-42.700267|146.72805|",1087511
"Ulan Nr. Cassilis|-32.265|149.76|10000",1132672
"Ulong, East Dorrigo|-30.232|152.885|10000",1084302
"Upper Colo R.|-33.415|150.718|100000",6028267
"Vampier Gorge, Pilbara|-22.283|118.45|10000",1132559
"Vaucluse, near Sydney|-33.8568|151.2679|10000",6067546
"vic 'Hanrahans', Murray Scrub Rd. Toonumbar N.P.|-28.4806|152.735|10000",1142726
"Vicinity of Beach, Victory Harbour|-35.55158|138.61948|10000",1147538
"vicinity of Jenolan caves|-33.82|150.08|10000",6042365
"Victor Harbor, South Australia & Eaglehawk Neck, Tasmania|||",6058460
"W.A.|-26|122|100000",6032621
"Wagga|-35.115|147.368|10000",1128373
"Wahroonga, nr recreation ground|-33.707|151.118|10000",6037174
"Waldron Swamp, Moruya|-35.85|150.13|1000",1087598
"Wangianna Springs|-29.675|137.713|10000",1131023
"Wannon R. near Jimmy's Creek, Grampians|-37.3481|142.5047|10000",6027005
"Warbtn V.|-37.756|145.701|10000",6060465
"Warren R.|-34.53|116.02|100000",6047646
"Warrumbunles Nat. Pk., Split Rock|-31.282|148.968|10000",1140923
"Waterfall|-34.1318|150.9929|10000",6050867
"Waterfall, Royal National Park|-34.1358|150.9968|10000",6067124
"Wattle Ck Rd. Richmond Range SF|-28.645|152.7747|100",6041649
"Wattle Ck. Rd. Richmond Range SF|-28.645|152.7747|100",6041649
"Wembley Park|-31.93628|115.8137|10000",1143520
"Wentworth falls Blue Mountains|-33.7152|150.3679|10000",6049580
"Wentworth Falls, Jamison Creek|-33.7045|150.3739|1000",1138602
"Wentworth Falls, Valley of the Waters|-33.7286|150.3723|1000",6039038
"West Australia|-26|122|100000",1092762
"West Pymble, near Sydney|-33.7568|151.129|10000",1147495
"Wetland: Cattleyard Koorigang Is.|-32.8392|151.7078|1000",1128265
"Wetland: Scotts head Koorigang Is.|-30.8392|151.7078|1000",1128267
"Wheogo 12 mi NE Dunedoo|-31.86667|149.41667|10000",6028421
"Wheogo 12 miles NE of Dunedoo|-31.86667|149.41667|10000",1084402
"Wheogo near Dunedoo|-31.86667|149.41667|10000",6031755
"Wiburndale Rivulet, nr Sofala|-33.3351|149.6242|10000",6035784
"Wilsons Valley Kosciuko N. Pk.|-36.348|148.518|10000",1109943
"Wilsons Valley, Snowy Mts.|-36.348|148.518|10000",6063893
"Wiola Ck Fire Trail, Badja SF. Site 1.|-36.123|149.609|1000",6035042
"Wiola Ck Fire Trail, Badja SF. Site 3|-36.09|149.581|1000",5033556
"Wollomombi Falls, near Armidale|-30.5318|152.0346|10000",6035111
"Wongin Hills|-30.83389|116.6839|10000",1091742
"Wongin Hills, W. Aust.|-30.83389|116.6839|10000",1091742
"Woodgate, 35km E Childers|-25.083|152.517|10000",1133363
"Woodlark Is.|-9.1|152.83|10000",1087363
"Woronora R Engadine|-34.0484|151.0059|10000",6030354
"Woronora R. Engadine|-34.0484|151.0059|10000",6030354
"Wyabing|-33.55|118.15|10000",1096132
"Wydgee Station nr. Mt. Magnet|-28.844|117.829|10000",6059157
"Wydgee Station nr. Mt.Magnet|-28.844|117.829|10000",6059157
"Wyperfield Nat. Park Vic.|-35.565|142.118|10000",1108789
"Yabbra Scrub, Yabbra SF|-28.63|152.33|10000",1113621
"Yalwal, near Nowra|-34.9318|150.3846|10000",1148186
"Yarra Bch|-33.982|151.235|10000",6033078
"Yathong NR|-32.5869|145.4975|1000",1148227